Year,Month,DoM,DoY,NEE_f,NEE_sqc,LE_f,LE_sqc,H_f,H_sqc,Rg_f,Rg_sqc,VPD_f,VPD_sqc,rH_f,rH_sqc,Tair_f,Tair_sqc,GPP_f,Reco
-,-,-,-,umolm-2s-1,%,Wm-2,%,Wm-2,%,Wm-2,%,hPa,%,%,%,degC,%,umolm-2s-1,umolm-2s-1
2023,1,1,1,1.64955456657497,0.74468085106383,0.517326132610681,0.595744680851064,-41.3056437617359,0.361702127659574,4.40288979480894,0.595744680851064,0.00149433059034342,0.957446808510638,100,1,3.99475177304255,1,1.4698960667728,3.11945063334778
2023,1,2,2,1.14424545378788,0.833333333333333,6.212292625,0.9375,-22.7473708779762,0.8125,48.2048900172929,0.3125,0.0694827133654476,0.979166666666667,98.6572916664583,1,-1.91958333327083,1,0.598752745785304,1.74299819957318
2023,1,3,3,1.47090917029669,0.645833333333333,1.95263606951209,0.75,-33.1241488584055,0.645833333333333,11.4371594282421,0.479166666666667,0.00295006573549281,0.916666666666667,99.991319444375,1,0.3805555555,1,0.772683160288791,2.24359233058548
2023,1,4,4,0.559445893584656,0.6875,3.487481796875,0.979166666666667,-19.9777395833333,0.979166666666667,9.28429990413734,0.333333333333333,0.118362759819348,1,97.6188530414583,1,-3.01461111110417,1,0.954691655423752,1.51413754900841
2023,1,5,5,0.371225005433007,0.854166666666667,5.27534331041667,1,2.28260454166667,0.979166666666667,12.1165917709816,0.333333333333333,0.27193282077799,1,91.385122054375,1,-7.93759722227083,1,0.42921507678553,0.800440082218536
2023,1,6,6,0.780500788020833,0.895833333333333,0.459423086805556,0.958333333333333,-2.53017499758618,0.854166666666667,50.5452241126119,0.354166666666667,0.203130005959844,1,82.3314360872917,1,-21.1700000002083,1,-0.74557430829538,0.0349264797254531
2023,1,7,7,0.859815931281566,0.583333333333333,0.315806600099206,0.9375,0.35844481950983,0.0833333333333333,66.4139317774285,0.3125,0.21008697658743,1,82.2375495447917,1,-20.8453472225,1,-0.821284107589616,0.0385318236919496
2023,1,8,8,0.89602915625,0.9375,0.237777686111111,0.958333333333333,-2.37665952314815,0.375,50.5109329211667,0.3125,0.228537343520654,1,84.2117441808333,1,-18.4015972227083,1,-0.827817238102454,0.0682119181475458
2023,1,9,9,0.536721646577381,0.958333333333333,8.42599521458333,0.979166666666667,-13.3333584416667,0.6875,14.5383225231057,0.3125,0.4093247406767,1,82.309663745,1,-13.1406250002083,1,-0.360562710860989,0.176158935716392
2023,1,10,10,0.463187716898148,0.8125,28.67170375,1,-11.9982307833727,0.1875,11.2389772654577,0.291666666666667,1.04031593404929,1,72.9242530164583,1,-7.62270138908333,1,-0.0422358389440408,0.420951877954107
2023,1,11,11,0.169050981581439,0.875,20.2457277427598,0.541666666666667,0.758422197777442,0.1875,12.4765913207216,0.3125,0.618780814270667,1,81.0385799091667,1,-8.940298611125,1,0.128771728960698,0.297822710542138
2023,1,12,12,0.487619067708333,0.958333333333333,4.5281758052662,0.4375,2.91353071819547,0.0416666666666667,10.1894448465962,0.3125,0.335965631103738,1,90.2810507179167,1,-7.67815972227083,1,-0.175291591291697,0.312327476416637
2023,1,13,13,0.832797032451198,0.541666666666667,1.33406219097222,0.791666666666667,-2.65482932662533,0.0625,8.23019165966267,0.291666666666667,0.175683856341359,1,95.7604104170833,1,-5.29149305560417,1,-0.452611287889586,0.380185744561612
2023,1,14,14,0.669258425296656,0.25,-0.94324714098168,0.5625,-7.6495367294542,0,6.79157338190358,0.291666666666667,0.120388898411442,1,97.4752844827083,1,-3.32740277777083,1,-0.171244784903132,0.498013640393524
2023,1,15,15,0.490688389818447,0.208333333333333,-6.06126896333019,0.666666666666667,-5.97531920913874,0,9.2587630976249,0.291666666666667,0.0561636927151267,1,98.9601463358333,1,-1.74404861104167,1,0.140823293625189,0.631511683443636
2023,1,16,16,0.555392751290422,0.770833333333333,0.8562406375,0.895833333333333,-8.03252712421104,0.416666666666667,8.70799979560969,0.333333333333333,0.201571930862724,1,96.0362855847917,1,-2.46462499997917,1,0.0583660000710151,0.613758751361437
2023,1,17,17,0.765199274693687,0.833333333333333,-0.250034138671119,0.875,-6.13184240724206,0.666666666666667,9.33279031271561,0.291666666666667,0.150116871337824,1,97.2431978441667,1,-1.12970833335417,1,-0.0359105482240509,0.729288726469636
2023,1,18,18,1.27584158601077,0.604166666666667,0.515919317409004,0.875,-13.9431900542974,0.4375,4.25002767299355,0.25,0.00745555309085325,1,99.882272556875,1,1.44088888889583,1,-0.33162149938351,0.944220086627259
2023,1,19,19,0.780591012642874,0.5625,9.20434405301491,0.895833333333333,-20.0636206480141,0.333333333333333,10.2275908514129,0.3125,0.463791791535172,0.979166666666667,94.0430188972917,1,2.58572916664583,1,0.277707978152857,1.05829899079573
2023,1,20,20,0.730285264583333,0.9375,-1.15643298735119,0.916666666666667,-24.31720375,0.979166666666667,4.16752316968818,0.270833333333333,1.01770443923973e-16,0.958333333333333,100,1,3.95284722222917,1,0.474800306121848,1.20508557070518
2023,1,21,21,1.17670460416667,1,1.4021453125,0.958333333333333,-13.6259366111111,0.958333333333333,7.1628127729072,0.291666666666667,0.00854138934156517,0.854166666666667,99.99361111125,1,0.789583333291667,1,-0.27933988460656,0.897364719560106
2023,1,22,22,0.644827351878157,0.833333333333333,3.24840866666667,1,-1.56656985625,0.979166666666667,31.5832476448308,0.333333333333333,0.058823563801453,0.979166666666667,98.744027778125,1,-4.42402777785417,1,-0.140880283379063,0.503947068499094
2023,1,23,23,0.538113430815972,0.895833333333333,1.86416376666667,0.979166666666667,-3.70626653645833,0.979166666666667,5.12517542753555,0.291666666666667,0.00261209876293486,0.958333333333333,100,1,-2.38687500004167,1,0.104059890230696,0.642173321046668
2023,1,24,24,0.50508846875,0.9375,5.98414916666667,1,-10.6995121666667,1,9.18036423359722,0.291666666666667,0.0499270704199797,1,98.9241666664583,1,-3.94722222225,1,0.0296112372055169,0.534699705955517
2023,1,25,25,0.322094244791667,0.958333333333333,1.332616078125,0.979166666666667,6.73393534872117,0.9375,11.1637571598697,0.3125,0.00108983581459029,1,99.9752777775,1,-4.07125000002083,1,0.206390320180652,0.528484564972319
2023,1,26,26,0.313495177616812,0.9375,0.537911595486111,0.895833333333333,0.760841325886315,0.520833333333333,7.13949105314194,0.291666666666667,0.0010755114275329,0.958333333333333,100,1,-2.49722222222917,1,0.325390704797492,0.638885882414304
2023,1,27,27,0.784319096384656,0.875,3.70637521180556,0.895833333333333,-4.3198292499619,0.291666666666667,7.55441613604864,0.333333333333333,0.00016985553647601,0.895833333333333,100,1,-1.98277777775,1,-0.10461480825719,0.679704288127466
2023,1,28,28,0.742112239760908,0.770833333333333,6.32044943447421,0.916666666666667,-9.7561633202987,0.145833333333333,13.4185397183936,0.333333333333333,0.0125566177978728,1,99.681041666875,1,-5.57340277779167,1,-0.302011356314566,0.440100883446342
2023,1,29,29,0.308968531775899,0.9375,2.89755741305556,0.979166666666667,-13.7652336832812,0.770833333333333,8.89898757363511,0.333333333333333,0.00203971979879436,1,99.9506944445833,1,-4.76166666666667,1,0.181568412124402,0.4905369439003
2023,1,30,30,0.907989406779396,0.416666666666667,4.39815366076031,0.854166666666667,-11.3633476366387,0.104166666666667,11.0651102669888,0.333333333333333,0.000983341556123166,0.895833333333333,100,1,-2.4532291666875,1,-0.256834154173886,0.65115525260551
2023,1,31,31,1.02222729394143,0.395833333333333,3.15173828954025,0.6875,-10.7282120918983,0.166666666666667,14.9650598794049,0.375,0.000394211962971412,0.916666666666667,100,1,-1.12888888889583,1,-0.267143968547371,0.755083325394055
2023,2,1,32,0.472028350407841,0.520833333333333,3.06424870902438,0.916666666666667,-4.84054220160035,0.416666666666667,25.8996013100274,0.375,0.00252952063227809,0.895833333333333,100,1,-2.242708333375,1,0.198266558161108,0.670294908568949
2023,2,2,33,0.594238066233796,0.854166666666667,-0.00115728840803873,0.708333333333333,-11.975704399888,0.395833333333333,14.4245869001675,0.354166666666667,0.000494552139080213,0.958333333333333,100,1,-2.330416666625,1,0.0721478661639213,0.666385932397718
2023,2,3,34,0.525587583884006,0.833333333333333,0.722794467361111,0.9375,-6.70666550205941,0.895833333333333,8.00407864980911,0.354166666666667,0.00187689484861827,0.916666666666667,99.9904166666667,1,-2.51069444441667,1,0.129585756710324,0.655173340594329
2023,2,4,35,0.292138620947341,0.895833333333333,1.07457694583333,1,-1.19262341666667,1,10.4295634724239,0.375,0.024879651474177,1,99.4000694441667,1,-5.4392361111875,1,0.201246439652375,0.493385060599717
2023,2,5,36,0.630364570955729,0.9375,2.17960048958333,1,3.51974463677083,1,10.2713150676778,0.375,0.0408154870717617,1,99.0293750004167,1,-4.65236111116667,1,0.0367418595250552,0.667106430480784
2023,2,6,37,0.300814773055786,0.916666666666667,2.68248247916667,0.979166666666667,12.1904802083333,0.979166666666667,24.3897956795229,0.375,0.0888296914193371,1,97.5700694441667,1,-6.90201388889583,1,0.262982759876486,0.563797532932272
2023,2,7,38,0.456300454148932,0.9375,2.3984787625,1,11.6304344102443,0.604166666666667,13.0360587158041,0.375,0.0771037050990996,1,97.9747916660417,1,-6.60291666664583,1,0.137010400203315,0.593310854352248
2023,2,8,39,0.609689081680934,0.9375,0.462326472265625,0.958333333333333,12.5247178457341,0.9375,17.0585441857074,0.395833333333333,0.0423405474235126,1,98.94611111125,1,-4.93902777777083,1,0.143150744766232,0.752839826447166
2023,2,9,40,0.497767607544342,0.854166666666667,0.785845841666667,1,-2.454222125,1,20.1849796489064,0.375,0.0404409417910123,1,99.13423611125,1,-3.27416666660417,1,0.423258039253756,0.921025646798099
2023,2,10,41,0.697245334188206,0.875,0.0209043888888889,0.895833333333333,-9.95949974840161,0.770833333333333,18.2173643789806,0.375,0.174031769073488,1,96.0577083335417,1,-4.7931944444375,1,0.062633782702812,0.759879116891018
2023,2,11,42,0.566064333172921,0.854166666666667,2.57216274086446,0.854166666666667,5.09643101833457,0.416666666666667,19.7683359124117,0.375,0.084364335631054,0.979166666666667,98.2883333335417,1,-3.5309722221875,1,0.30076924923838,0.866833582411301
2023,2,12,43,0.538226632118056,0.875,10.2510888951567,0.75,31.7847671631418,0.625,73.0174704404851,0.375,0.238984943014759,1,94.2717361108333,1,-5.59361111114583,1,0.107619043352409,0.645845675470465
2023,2,13,44,0.949897729196526,0.75,2.7172894546397,0.729166666666667,-4.00209914305556,0.6875,21.1180531840739,0.375,0.0200310993425589,0.9375,99.68875,1,-1.3565277778125,1,0.108662125062442,1.05855985425897
2023,2,14,45,0.395239010763889,0.916666666666667,16.82390542327,0.604166666666667,44.5926099999654,0.354166666666667,23.3269179585592,0.375,0.492699307363888,0.979166666666667,91.2111111114583,1,-0.7580555555625,1,0.763831462876522,1.15907047364041
2023,2,15,46,0.235451881163194,0.854166666666667,5.36054250972222,0.979166666666667,7.88941166666667,0.979166666666667,83.9408147672685,0.395833333333333,0.781618330869508,0.979166666666667,84.83361111125,1,-4.384375,1,0.662936265757515,0.898388146920709
2023,2,16,47,0.600812687915427,0.916666666666667,3.72977183888889,0.9375,27.8667963350694,0.9375,68.5131554559928,0.416666666666667,0.352123637143205,1,89.9420138891667,1,-8.4888194445,1,-0.0383777406190636,0.562434947296363
2023,2,17,48,0.539308325520833,0.958333333333333,9.43804906145833,0.895833333333333,22.7621940224116,0.6875,79.1390636945185,0.416666666666667,0.705899998707372,1,81.8692361116667,1,-7.78340277795833,1,0.186615963746662,0.725924289267495
2023,2,18,49,0.272216083333333,1,5.94716286232639,0.604166666666667,16.8230199867916,0.145833333333333,34.4359294995021,0.416666666666667,0.227503456239638,1,93.6759027779167,1,-7.02027777770833,1,0.571943642023347,0.84415972535668
2023,2,19,50,0.242920682907073,0.916666666666667,1.25781077146164,0.75,15.4716510726118,0.729166666666667,30.7088300682039,0.416666666666667,0.041369011445423,0.979166666666667,98.9696527775,1,-5.12541666666667,1,0.855768535641405,1.09868921854848
2023,2,20,51,0.398011940150227,0.916666666666667,2.35633957305556,0.875,12.8561601875,0.875,21.760936877572,0.395833333333333,0.0300646589318148,1,99.18576388875,1,-5.96444444441667,1,0.394093063077973,0.792105003228199
2023,2,21,52,0.482339875540123,0.895833333333333,11.410745502399,0.833333333333333,38.5778883094891,0.708333333333333,102.601070535773,0.416666666666667,0.14939066124772,1,94.5117361114583,1,-10.2003472219583,1,-0.154471744348618,0.327868131191505
2023,2,22,53,0.719921885763889,0.8125,6.071716134375,0.916666666666667,23.2207513015968,0.604166666666667,118.989102615898,0.416666666666667,0.243346708693687,1,88.9747916666667,1,-14.7413888886667,1,-0.58702442446022,0.132897461303669
2023,2,23,54,0.957880074550786,0.770833333333333,8.82248061805556,0.875,27.5253095298028,0.5625,117.2906470607,0.416666666666667,0.373041932608438,1,86.69743055625,1,-12.6312499998542,1,-0.739544953935126,0.21833512061566
2023,2,24,55,0.362682788888889,0.9375,3.3235941625,1,8.42253414583333,1,36.3257257947433,0.416666666666667,0.174744530479047,1,94.7996527779167,1,-6.12708333339583,1,0.170915813445534,0.533598602334423
2023,2,25,56,0.636346762098394,0.770833333333333,0.71608320734127,0.895833333333333,-3.61773534442918,0.729166666666667,25.9715717919948,0.395833333333333,0.00757292110492308,0.854166666666667,100,1,-1.38840277779167,1,0.291834791168551,0.928181553266944
2023,2,26,57,0.672048826736111,0.0833333333333333,-0.140954841666667,0.125,-6.98796044680556,0.0416666666666667,26.4361519325866,0,9.09766089623392e-17,0.145833333333333,100,0.166666666666667,-0.778666666720833,0.145833333333333,0.319972182245469,0.99202100898158
2023,2,27,58,0.608949911002886,0,-0.0562661283730158,0,-5.96870882763698,0,26.3333577339234,0,9.19017948161935e-17,0,100,0,-1.08167472722893,0,0.355286391289967,0.964236302292853
2023,2,28,59,0.61241762196448,0,9.38370422809193,0,12.8733528368056,0,19.0356188857431,0,0.0787390400533742,0,98.2310430444483,0,-3.63819995595312,0,0.119206232275489,0.731623854239969
2023,3,1,60,0.590884977350427,0.145833333333333,10.2231714486111,0.125,13.9703261354167,0.104166666666667,19.0770089423945,0,0.0816017726169136,0.166666666666667,98.1428773145903,0.166666666666667,-4.01868518522222,0.166666666666667,0.111259126259301,0.702144103609729
2023,3,2,61,0.586114399781566,0.791666666666667,9.15571460243055,0.895833333333333,7.9505388912037,0.875,18.9480114024107,0.458333333333333,0.0984121989805485,1,97.8543055552083,1,-3.55305555558333,1,0.165125422534535,0.7512398223161
2023,3,3,62,0.64849375625,0.166666666666667,8.23059946076389,0.166666666666667,9.68662675694445,0.166666666666667,19.3353221763638,0,0.121744251049683,0.1875,97.4717754629792,0.1875,-2.89488657413472,0.1875,0.162947497922498,0.811441254172498
2023,3,4,63,0.701086981646825,0,8.25833484652778,0,9.78110676041667,0,19.4856188085348,0,0.12159918385507,0,97.4757881944861,0,-2.88952604172847,0,0.114235332246329,0.815322313893155
2023,3,5,64,0.64892517536579,0,8.69832919404348,0,12.1060754748677,0,19.5841922483735,0,0.113685256752184,0,97.6123339397071,0,-3.10802837032456,0,0.147135230405404,0.796060405771194
2023,3,6,65,0.604823487461193,0,9.14607653883515,0,11.4888634858631,0,19.2707842564795,0,0.101376644958158,0,97.812013888785,0,-3.46184521058465,0,0.161402525157573,0.766226012618766
2023,3,7,66,0.59894149012925,0,9.14607653883515,0,11.4888634858631,0,19.1349232499869,0,0.101376644958158,0,97.812013888785,0,-3.46184521058465,0,0.170408721087766,0.769350211217016
2023,3,8,67,0.588205986044515,0,9.14607653883515,0,11.4888634858631,0,19.1396163498016,0,0.101376644958158,0,97.812013888785,0,-3.46184521058465,0,0.184268423770751,0.772474409815265
2023,3,9,68,0.579414409049272,0,8.70608219131944,0,9.16389477141204,0,19.1485107564269,0,0.109290572061044,0,97.675468143564,0,-3.24334288198856,0,0.219167707760209,0.79858211680948
2023,3,10,69,-0.0544980802066577,0,7.09053297688228,0,34.237279221067,0,90.2867274163455,0,1.94191049574087,0,74.7203924533737,0,0.790848058180646,0,1.29166067164149,1.23716259143483
2023,3,11,70,0.234268991548446,0,12.1617698436493,0,66.9440248648466,0,192.336440807163,0,4.33170205608194,0,37.5526086725055,0,0.519954737081415,0,1.0004286618871,1.23469765343555
2023,3,12,71,0.366523810235551,0,9.20879800367584,0,49.1605174316089,0,156.541434663027,0,4.11225221237406,0,41.0295192809476,0,0.795832307146387,0,0.90653025955184,1.27305406978739
2023,3,13,72,0.355805130352936,0,7.90985069789154,0,48.8239002803784,0,142.93869806334,0,3.91702670782501,0,46.9887179159879,0,1.84223591773499,0,1.05145444788093,1.40725957823386
2023,3,14,73,0.308531331458873,0,6.19742426069141,0,36.7746448141949,0,119.087593000825,0,3.23326174016236,0,56.3804867225181,0,2.19344196097268,0,1.13366523459521,1.44219656605408
2023,3,15,74,-0.00106933356113543,0,7.14392133026692,0,35.352489189455,0,117.585363675294,0,3.00200526670018,0,58.7185261345771,0,1.86737664707682,0,1.40364621013111,1.40257687656997
2023,3,16,75,0.2077982084375,0,12.2101259287927,0,68.2160643996795,0,183.790621569729,0,4.32473103949431,0,37.8893327550347,0,0.571912615720833,0,1.05798424852793,1.26578245696543
2023,3,17,76,0.205167735902778,0.104166666666667,12.1253087805556,0.125,67.5733255,0.125,184.268994559747,0,4.32712062184938,0.145833333333333,37.8977638892778,0.145833333333333,0.582280092572222,0.145833333333333,1.06713316612166,1.27230090202444
2023,3,18,77,0.291772682638889,0.9375,12.0818959444444,0.895833333333333,64.7602273611111,0.895833333333333,182.875989052836,0.5,4.33968607671497,1,37.2497916666667,1,0.479861111083333,1,0.974870590459958,1.26664327309885
2023,3,19,78,0.500982004166667,1,6.26759904166667,1,32.6060833333333,1,127.990364636916,0.5,3.90216599165091,1,44.930486110625,1,1.21284722220833,1,0.864248806988877,1.36523081115554
2023,3,20,79,0.310546671875,0.958333333333333,5.24280111580087,0.958333333333333,47.8522525,1,115.329106268403,0.5,3.48529613188762,1,59.873333333125,1,4.06631944439583,1,1.44552051319031,1.75606718506531
2023,3,21,80,0.067795506614475,0.833333333333333,0.826681493055556,0.958333333333333,-3.26988771051587,0.9375,47.0272203252568,0.5,1.07741843243611,1,86.0592000004167,1,3.28993055558333,1,1.54000268295959,1.60779818957406
2023,3,22,81,-0.680645489794147,0.833333333333333,8.74302038392857,0.958333333333333,28.0212056041667,0.875,111.381291506025,0.520833333333333,1.21165384926373,1,85.0862419302083,1,2.1999305555625,1,2.06207977166327,1.38143428186913
2023,3,23,82,-0.402170428661616,0.9375,3.04467788645833,0.916666666666667,99.4151075346395,0.729166666666667,82.3017766951226,0.5,2.19577407724455,1,77.752834290625,1,5.84000000002083,1,2.13636097544387,1.73419054678225
2023,3,24,83,-0.61919614665404,0.875,17.8376543673859,0.875,3.28342484722222,0.895833333333333,83.1454080255759,0.5,1.65769104155196,1,84.7588012454167,1,7.05152777777083,1,2.33692668026972,1.71773053361568
2023,3,25,84,-1.25046921131366,0.854166666666667,23.7044569653985,0.75,26.7559745320918,0.75,152.096658153496,0.5,2.82846380779691,1,76.0698342664583,1,7.69482638858333,1,2.8703678694462,1.61989865813254
2023,3,26,85,-2.326586009375,0.875,8.57024608958333,1,23.6987797083333,1,108.845220289283,0.520833333333333,3.04610837573064,1,70.011759458125,1,6.1552083333125,1,3.62440280592896,1.29781679655396
2023,3,27,86,-0.727022131681682,0.9375,-0.133157770833333,1,-0.959424375,1,49.2679012405631,0.541666666666667,0.158448600098946,1,97.8128505747917,1,3.25881944447917,1,1.74632779779129,1.01930566610961
2023,3,28,87,-2.51400805650253,0.895833333333333,22.3454385520833,0.8125,24.1321020512311,0.791666666666667,129.662166662967,0.520833333333333,2.26386206070236,1,77.969937906875,1,4.05006944445833,1,3.68119962326548,1.16719156676295
2023,3,29,88,0.355814255208333,0.979166666666667,1.98909388659265,0.791666666666667,-21.9579814752315,0.854166666666667,25.8685062801004,0.520833333333333,0.499475423379675,1,93.7367874520833,1,2.20034722225,1,0.641764704303966,0.9975789595123
2023,3,30,89,0.71512157234375,0.895833333333333,23.7644022613636,0.979166666666667,34.9597686458333,1,140.228184303588,0.541666666666667,0.791613733844713,1,85.1382087404167,1,-2.88708333333333,1,-0.104053629583954,0.611067942759796
2023,3,31,90,-0.616857205555556,0.9375,30.5676951041667,0.9375,55.9853875,1,212.564458144237,0.541666666666667,3.14632781103323,1,61.97771611625,1,1.3146527778125,1,1.68055155836463,1.06369435280908
2023,4,1,91,-1.36414428978659,0.958333333333333,8.93397875,1,18.4694681416667,1,76.4881883483507,0.5625,2.16176515192363,1,70.5361406135417,1,2.48138888889583,1,2.54494887825811,1.18080458847153
2023,4,2,92,0.559143270833333,1,0.940931645833333,1,-12.0440768665123,0.979166666666667,31.0238623709293,0.520833333333333,0.0624938676123781,1,98.9456340510417,1,1.64923611108333,1,0.584148455243303,1.14329172607664
2023,4,3,93,-0.9167148125,1,12.84412025,1,4.80988104166667,1,66.6838058347117,0.5625,0.146482212149922,1,97.4352077345833,1,-0.779375,1,1.85331659236762,0.936601779867618
2023,4,4,94,0.0818574166666667,1,1.762943625,1,3.62836839543651,0.979166666666667,35.2385434787002,0.541666666666667,0.000146723444063523,0.979166666666667,99.9980688458333,1,1.74916666664583,1,1.15109758080083,1.23295499746749
2023,4,5,95,-1.21831358333333,0.979166666666667,17.2992683541667,0.979166666666667,18.8416255,1,131.19489698472,0.583333333333333,0.510044690537445,1,95.0273332608333,1,4.47291666670833,1,2.80569846879057,1.58738488545723
2023,4,6,96,-1.65409333333333,1,16.9497010959175,0.8125,69.571747354798,0.8125,196.609474756976,0.5625,2.11498499386054,1,80.016900455,1,5.4679861111875,1,3.40305112850527,1.74895779517193
2023,4,7,97,-1.86634336979167,0.979166666666667,21.7711810241402,0.708333333333333,86.4551757638889,0.729166666666667,233.46366249249,0.5625,4.4455260913734,1,56.0786111120833,1,5.32777777789583,1,3.58601736239398,1.71967399260231
2023,4,8,98,-2.37419420104167,0.958333333333333,19.1096377552083,0.979166666666667,96.6786153125,0.979166666666667,236.707895469737,0.5625,5.79277816454252,1,52.0478472220833,1,7.8581250000625,1,4.36284571425824,1.98865151321658
2023,4,9,99,-2.34697930497685,0.979166666666667,19.0125074583333,0.916666666666667,65.6842492013889,0.916666666666667,186.210929231542,0.583333333333333,5.78831053473751,1,53.9452777770833,1,9.39131944510417,1,4.41486944895227,2.06789014397542
2023,4,10,100,-2.35828307239583,0.916666666666667,18.9013119583333,1,62.8050868333333,1,185.708919361043,0.5625,5.14422228956348,1,58.0425694441667,1,8.42444444470833,1,4.17965362759036,1.82137055519453
2023,4,11,101,-2.32939968333333,0.9375,21.1214665408654,0.958333333333333,76.5627610958333,1,209.106262679826,0.5625,5.79441734776182,1,59.0662499997917,1,9.56791666627083,1,4.15478511378721,1.82538543045387
2023,4,12,102,-2.91853916614583,0.895833333333333,24.9395173125,1,72.5821129166667,1,232.61930398618,0.583333333333333,7.6083445218771,1,48.2970138889583,1,11.1019444441458,1,4.76013683488561,1.84159766873977
2023,4,13,103,-2.67811584166667,1,27.6683509945437,0.833333333333333,26.6228225925926,0.75,172.633303141731,0.5625,7.04813817010166,1,49.881944444375,1,10.7189583330625,1,4.28998228472075,1.61186644305409
2023,4,14,104,-2.55564825,1,26.2129021614561,0.666666666666667,52.3576299731692,0.666666666666667,176.748303799124,0.604166666666667,4.54501539224064,1,48.620902778125,1,4.50222222216667,1,3.44621048715214,0.890562237152138
2023,4,15,105,-3.334961125,0.979166666666667,29.7584234259768,0.791666666666667,78.2508197466423,0.791666666666667,198.295738469046,0.583333333333333,5.63461862926872,1,33.3746527777083,1,4.05402777779167,1,4.13311068069245,0.798149555692449
2023,4,16,106,-2.85161018020833,0.979166666666667,15.8063021629464,0.854166666666667,22.2910281001984,0.854166666666667,105.041106040558,0.5625,4.59469192047319,1,50.013541666875,1,5.75416666666667,1,3.7495659553315,0.897955775123165
2023,4,17,107,-2.91952243229167,0.9375,15.2976153668478,0.979166666666667,44.5011736145833,1,124.348189896212,0.583333333333333,3.56686861435812,1,69.2411111110417,1,8.46138888870833,1,3.99792422116401,1.07840178887234
2023,4,18,108,-2.77855323611111,0.958333333333333,24.947605875,0.979166666666667,42.6732095535714,0.979166666666667,159.071599033158,0.583333333333333,3.6119921351809,1,71.0849999997917,1,9.08430555545833,1,3.87769284662094,1.09913961050983
2023,4,19,109,-3.21107132291667,0.979166666666667,34.91644078125,0.979166666666667,43.7239433125,0.979166666666667,192.543288285618,0.604166666666667,6.02756339725229,1,55.414791666875,1,10.1915277778542,1,4.37537694904257,1.16430562612591
2023,4,20,110,-2.83957601736111,0.958333333333333,40.6984898958333,0.9375,87.9034523263889,0.9375,265.732860027912,0.604166666666667,8.13200090307767,1,40.4275000002083,1,10.3072222220625,1,3.98887752059636,1.14930150323525
2023,4,21,111,-2.85945417552083,0.958333333333333,35.7875515510417,0.979166666666667,96.2274183333333,0.979166666666667,220.907570095048,0.604166666666667,6.1342138940487,1,53.8747916666667,1,10.3252083335833,1,3.97598579252354,1.11653161700271
2023,4,22,112,-2.77786510399849,0.8125,35.0068098979167,1,56.1591017833333,0.979166666666667,162.250694622656,0.604166666666667,5.86390494026141,1,59.0240277775,1,11.0327777777083,1,3.91494320968668,1.13707810568818
2023,4,23,113,-2.78337831892361,0.916666666666667,35.4772534166667,1,39.5035593333333,1,154.307639374712,0.604166666666667,7.4870071414123,1,53.549375,1,13.0611111115208,1,4.04200964726725,1.25863132834364
2023,4,24,114,-2.29536905208333,0.979166666666667,38.1591446041667,1,57.3450875,1,211.193761833424,0.604166666666667,9.25273787582922,1,47.2508333327083,1,13.9648611106458,1,3.67613212294769,1.38076307086436
2023,4,25,115,-2.84770072395833,0.979166666666667,43.7399862534722,0.916666666666667,78.9408326736111,0.9375,231.005239733341,0.604166666666667,9.97982264003041,1,42.99458333375,1,14.5047222225625,1,4.48227836034331,1.63457763638497
2023,4,26,116,-2.17805043315972,0.895833333333333,41.108273,1,68.6076476873543,0.958333333333333,210.224230310032,0.604166666666667,9.29214272323911,1,47.38,1,14.5103472223542,1,4.03365819236188,1.85560775920216
2023,4,27,117,-1.72647898376225,0.9375,28.7617227723214,0.854166666666667,41.8590885053105,0.895833333333333,145.668877187675,0.604166666666667,3.68319156683406,1,74.92048611125,1,11.1256249998958,1,3.48451114430074,1.75803216053848
2023,4,28,118,-1.36252807638889,0.958333333333333,28.2156824432561,0.9375,11.8893902016667,0.979166666666667,112.70016818557,0.625,1.99486118916795,0.979166666666667,79.2436805552083,1,5.92055555560417,1,2.79074709049915,1.42821901411026
2023,4,29,119,-2.96364764035444,0.875,30.1122763680556,0.979166666666667,77.8415334166667,1,200.959345890763,0.645833333333333,4.07899714278138,1,62.1340277779167,1,6.35770833327083,1,4.7179754687046,1.75432782835016
2023,4,30,120,-3.12475508333333,1,45.9394376660354,0.895833333333333,105.804714042992,0.875,268.885531886266,0.645833333333333,6.76576184347375,1,49.93173611125,1,9.7661805550625,1,5.70963854172427,2.58488345839094
2023,5,1,121,-2.72620318402778,0.9375,41.2719703645833,0.854166666666667,101.219012802083,0.875,203.928583794686,0.645833333333333,2.99095457960896,1,69.0395138895833,1,5.35555555552083,1,4.85053904570838,2.1243358616806
2023,5,2,122,-2.60842070833333,1,40.3389522974747,0.791666666666667,115.573215368718,0.791666666666667,266.508951861697,0.645833333333333,7.06298471520639,1,51.8825694435417,1,9.6924305546875,1,6.26382492952858,3.65540422119524
2023,5,3,123,-3.207707878125,0.958333333333333,30.2017045884259,0.895833333333333,117.387101770833,0.958333333333333,211.717481192136,0.645833333333333,3.95038996000364,1,62.989097221875,1,7.3236805554375,1,6.52693058204511,3.31922270392011
2023,5,4,124,-2.01295515277778,0.895833333333333,27.9109361808261,0.875,71.8606904697712,0.9375,187.187843912025,0.645833333333333,3.76262138369254,1,63.348055555625,1,6.212847222375,1,5.01944392485822,3.00648877208044
2023,5,5,125,-2.11626827083333,1,36.5699931527778,0.9375,115.028122047448,0.875,230.586776718364,0.645833333333333,3.24271904408519,1,59.5106944447917,1,2.75312499997917,1,4.24112400461948,2.12485573378614
2023,5,6,126,-1.33221935416667,1,18.195959797619,0.958333333333333,87.3652793530702,0.979166666666667,167.393912884352,0.645833333333333,2.51334074806558,1,64.1647222214583,1,0.619652777729167,1,2.98983930926905,1.65761995510238
2023,5,7,127,-2.30053276423611,0.895833333333333,25.4019348138889,0.979166666666667,117.716585514583,0.979166666666667,228.43061195512,0.645833333333333,4.14260975411561,1,53.4017361102083,1,3.42340277766667,1,4.36661748120413,2.06608471696802
2023,5,8,128,-2.43501526006944,0.895833333333333,22.9619540416667,1,87.7605819997024,0.916666666666667,194.504025924804,0.645833333333333,6.06222055104366,1,42.5509027783333,1,6.787083333375,1,4.9851857798848,2.55017051981536
2023,5,9,129,-3.0105460828125,0.979166666666667,34.6641920198864,0.875,90.1827534155303,0.854166666666667,233.744082648995,0.645833333333333,7.83531217923662,1,38.3865277772917,1,9.59229166627083,1,5.96313974753116,2.95259366471866
2023,5,10,130,-1.96464735879934,0.916666666666667,41.1448642333333,0.979166666666667,37.1909976229167,0.979166666666667,171.122493921822,0.645833333333333,8.84939351685787,1,39.9933333329167,1,12.0661805554375,1,5.21327838686965,3.2486310280703
2023,5,11,131,-1.88427522222222,0.9375,43.5721516041667,1,65.9853368027778,0.9375,233.737164286557,0.666666666666667,11.2217038456819,1,37.1634722220833,1,15.018125,1,5.5122307910516,3.62795556882938
2023,5,12,132,-1.17253303645833,0.895833333333333,48.7667632916667,1,144.421418819444,0.916666666666667,294.774826192538,0.666666666666667,11.4949294108945,1,41.2138194447917,1,15.5797916667292,1,4.67647529837997,3.50394226192164
2023,5,13,133,-0.81828509375,0.979166666666667,50.5141204236111,0.979166666666667,147.876994304602,0.770833333333333,312.594236961696,0.6875,11.1482280061943,1,44.91395833375,1,16.0757638885417,1,4.29969396023732,3.48140886648733
2023,5,14,134,-0.641869290998932,0.916666666666667,58.1123843125,1,118.530416020833,1,282.841628164597,0.666666666666667,9.26052918446369,1,51.9100694445833,1,15.671180555625,1,4.35180798703959,3.70993869604066
2023,5,15,135,-1.90391987719017,0.958333333333333,57.6973084722222,0.958333333333333,124.816867638889,0.916666666666667,316.432562386878,0.6875,9.15421090397185,1,52.2663194441667,1,15.1856944441667,1,5.89614608555882,3.99222620836865
2023,5,16,136,-2.85708704166667,0.979166666666667,64.7412873243056,0.791666666666667,122.223065753052,0.416666666666667,257.821325708408,0.666666666666667,9.70862802878009,1,52.2796527772917,1,16.414375,1,7.46170550020152,4.60461845853485
2023,5,17,137,-2.56216029166667,1,63.7329004166667,1,101.357468221899,0.645833333333333,219.618886282874,0.6875,8.31728052764129,1,60.7523611116667,1,17.270347221875,1,7.48633328330008,4.92417299163341
2023,5,18,138,0.957334173116615,0.958333333333333,26.9979250508721,0.979166666666667,18.6362914583333,1,73.6568872006153,0.666666666666667,2.3582691576472,0.979166666666667,85.3513194445833,1,12.8330555557708,1,2.90843659951341,3.86577077263003
2023,5,19,139,-3.37249603445513,0.9375,54.2858010694444,0.958333333333333,119.400201488095,0.958333333333333,280.447809296048,0.6875,4.52435365530214,1,70.2001388885417,1,10.8868750004792,1,6.87570206320304,3.50320602874791
2023,5,20,140,-3.4372221875,0.979166666666667,57.0097993177083,0.979166666666667,139.012438854167,0.958333333333333,296.806769303291,0.6875,5.43230687262802,1,65.9906249995833,1,11.2275694443542,1,7.11384577677345,3.67662358927345
2023,5,21,141,-1.34038325,0.979166666666667,31.752592985119,0.979166666666667,35.7783663888889,0.979166666666667,150.263332384312,0.6875,2.42346773708406,0.979166666666667,82.6434027785417,1,10.7033333333125,1,4.90529322551498,3.56490997551498
2023,5,22,142,-3.7175592260101,0.9375,38.7784877666667,1,104.962741172917,0.958333333333333,235.835731883752,0.6875,4.28973680705767,1,76.4829861110417,1,13.2845833337917,1,7.83850412704822,4.12094490103812
2023,5,23,143,-0.929599836805556,0.9375,37.1763899583333,0.979166666666667,59.910776,0.958333333333333,195.900303363517,0.6875,4.17144678592027,1,81.434513889375,1,15.5856249995625,1,5.48520435567496,4.55560451886941
2023,5,24,144,0.63564419760101,0.9375,27.4135357291667,0.979166666666667,36.0405189166667,0.958333333333333,127.396576791964,0.6875,0.904132676340455,1,95.3896527783333,1,14.609791666875,1,3.67623797226253,4.31188216986354
2023,5,25,145,-1.71879961371528,0.833333333333333,40.6574721815025,0.895833333333333,73.8681062384259,0.958333333333333,232.129169605267,0.6875,6.45280105936885,0.979166666666667,73.4248611114583,1,17.0262500004167,1,6.77304561967564,5.05424600596036
2023,5,26,146,-3.03828209126181,0.916666666666667,39.2831513472222,0.958333333333333,95.8336471111111,0.958333333333333,264.536162413274,0.6875,8.15597566076304,1,61.1688888889583,1,17.1884722222917,1,8.16965313997214,5.13137104871033
2023,5,27,147,-3.51520616666667,0.979166666666667,40.1589415325066,0.895833333333333,120.49849989666,0.895833333333333,242.462785103078,0.708333333333333,5.31270618472646,1,61.6541666666667,1,10.9911111112917,1,7.08361934835008,3.56841318168342
2023,5,28,148,-2.999701746875,0.958333333333333,37.9357021125,0.916666666666667,139.077645916667,0.916666666666667,292.215547253203,0.6875,6.03474871888569,1,61.2522222222917,1,10.8461805556458,1,6.64093885138857,3.64123710451357
2023,5,29,149,-3.57437706180556,0.895833333333333,35.8791983958333,1,137.8932800625,1,312.689927776523,0.6875,8.63895840601971,0.958333333333333,53.0302777779167,1,14.1988888894375,1,8.10261741506667,4.52824035326111
2023,5,30,150,-1.19438638782051,0.9375,29.3717520315841,0.875,32.8608947294338,0.9375,154.35522952386,0.708333333333333,3.60711292044747,1,79.0865972220833,1,12.1729166670417,1,5.21292882029792,4.0185424324774
2023,5,31,151,-4.07376714583333,1,39.7687818125,0.979166666666667,144.434875833333,0.958333333333333,327.929577954204,0.6875,5.45010823873462,1,67.33576388875,1,11.4562500002708,1,7.98328402356024,3.90951687772691
2023,6,1,152,-4.451958875,1,29.1891977916667,1,100.377526800214,0.958333333333333,234.738548412396,0.729166666666667,5.58820792908172,1,65.221180555625,1,12.6158333329792,1,8.66537860961165,4.21341973461165
2023,6,2,153,-0.590238333333333,0.979166666666667,15.6154598655303,0.958333333333333,47.4959018819444,0.958333333333333,106.715189775018,0.645833333333333,1.74392678527351,1,85.4342361110417,1,7.600486111125,1,3.59467400087205,3.00443566753871
2023,6,3,154,-4.09692791666667,1,38.7979492291667,0.979166666666667,104.471773388889,0.958333333333333,250.449273877232,0.708333333333333,2.59114637520814,1,78.824930555625,1,6.79597222214583,1,6.8661116532355,2.76918373656884
2023,6,4,155,-4.33460008333333,1,29.2723436041667,1,68.44455625,1,195.166882912871,0.708333333333333,2.80800263296278,1,79.6199999997917,1,9.0092361110625,1,7.50864879823216,3.17404871489882
2023,6,5,156,-2.70738372716781,0.75,40.1357894967949,0.979166666666667,52.8226359027778,0.979166666666667,160.331893632583,0.729166666666667,2.4267375287204,0.979166666666667,83.8870833333333,1,10.3616666669792,1,6.07455562247729,3.36717189530948
2023,6,6,157,-4.33241529647436,0.979166666666667,58.8799216354167,0.958333333333333,103.182255833333,1,268.216305688059,0.729166666666667,6.6073236440106,1,65.121805555625,1,14.1364583334792,1,8.56789863767052,4.23548334119616
2023,6,7,158,-1.42633504901961,0.979166666666667,65.2697880591912,0.958333333333333,84.180831875,1,255.995614991138,0.729166666666667,8.64967395905279,1,59.6209722220833,1,17.0556944441667,1,6.77248591360635,5.34615086458674
2023,6,8,159,-3.25852226211951,0.854166666666667,66.3978369837963,0.979166666666667,161.176188658234,0.958333333333333,340.035222027566,0.729166666666667,10.1785843209188,1,53.7811111110417,1,17.0771527783958,1,9.14654919961637,5.88802693749686
2023,6,9,160,-3.72797047916667,1,68.6769709722222,0.895833333333333,135.817067777778,0.895833333333333,299.245509058371,0.729166666666667,8.05805114510118,1,56.238819444375,1,15.694583333125,1,9.58241795351972,5.85444747435305
2023,6,10,161,-5.30087695208333,0.958333333333333,56.6730102384259,0.854166666666667,102.617774844907,0.854166666666667,242.407445403573,0.729166666666667,4.88062632950158,1,64.5040277775,1,10.4854166666875,1,9.79809574805868,4.49721879597535
2023,6,11,162,-4.02597289583333,1,59.8475680208333,1,167.59911875,1,348.421103963038,0.729166666666667,6.93558828317868,1,56.475972221875,1,11.5263194440417,1,8.51934837169943,4.4933754758661
2023,6,12,163,-3.16203549107143,0.958333333333333,62.1184042495673,0.958333333333333,166.174418498718,0.9375,347.389772113194,0.729166666666667,8.39299309130047,1,52.5702083335417,1,13.7366666667917,1,7.77964069612308,4.61760520505165
2023,6,13,164,-2.66712572059295,0.9375,58.2316343333333,0.979166666666667,156.793418416667,0.9375,347.437932711576,0.729166666666667,9.0694881519567,1,54.1742361108333,1,15.5717361114583,1,7.19810276138664,4.53097704079369
2023,6,14,165,-2.283917703125,0.958333333333333,70.7093023958333,1,144.6671808125,1,348.896310338547,0.729166666666667,12.3499014346664,1,46.8863194445833,1,18.281180555,1,7.11417788141015,4.83026017828515
2023,6,15,166,-2.98583690946691,0.8125,64.6570234962121,0.979166666666667,123.299282375694,0.979166666666667,309.611054768832,0.729166666666667,13.0638863727186,1,49.7790277779167,1,20.1605555547917,1,8.10830024474459,5.12246333527768
2023,6,16,167,-2.45275007708333,0.916666666666667,58.5322853047794,0.979166666666667,93.7639980999025,0.9375,257.619794351169,0.729166666666667,14.5772936922207,1,49.4779166664583,1,22.2776388885417,1,7.88439939286019,5.43164931577685
2023,6,17,168,-2.35901731989087,0.854166666666667,75.033123625,0.958333333333333,82.2179520375,1,225.501851068711,0.729166666666667,10.5622924109956,1,62.0455555558333,1,21.2775694439583,1,7.34003598579259,4.98101866590172
2023,6,18,169,-3.18154021603907,0.854166666666667,66.4941527291667,0.979166666666667,79.5771044444444,0.979166666666667,215.683038565679,0.729166666666667,6.86277080855197,1,69.4902777775,1,18.546805555625,1,7.35498128791207,4.173441071873
2023,6,19,170,-1.70156215208333,1,70.3184465833333,0.9375,146.242962222189,0.916666666666667,331.190933104826,0.729166666666667,10.3381506908739,1,56.2612500010417,1,18.2370138885417,1,5.74710835544308,4.04554620335975
2023,6,20,171,-3.17054347440476,0.875,68.3288742083333,1,105.9802833125,1,277.750389939626,0.729166666666667,11.4384229680731,1,53.1350694439583,1,19.2756249997917,1,7.35489531162351,4.18435183721875
2023,6,21,172,-3.33059971682692,0.958333333333333,67.6966226645833,0.979166666666667,149.303598631944,0.979166666666667,327.41093301305,0.729166666666667,10.3816607599091,1,58.4247916664583,1,19.11138888875,1,7.39654607266239,4.06594635583546
2023,6,22,173,-1.19868431979167,0.770833333333333,61.042011575,0.791666666666667,118.782734132002,0.958333333333333,265.075226053229,0.708333333333333,9.74494331131102,1,66.556597221875,1,19.8881944445833,1,5.33059516344803,4.13191084365636
2023,6,23,174,-2.104136441362,0.6875,91.4251695363619,0.666666666666667,78.7298364104167,0.958333333333333,253.190477204639,0.708333333333333,4.95926511353706,1,81.22576388875,1,19.6697916666667,1,5.89258447808306,3.78844803672106
2023,6,24,175,-0.81741454497549,0.895833333333333,71.6071539933894,0.958333333333333,114.268071458333,1,259.948410657934,0.729166666666667,4.78304052047501,0.979166666666667,81.521111110625,1,18.7181944445833,1,4.1825193483949,3.36510480341941
2023,6,25,176,-2.29176777824281,0.6875,66.3333431522746,0.729166666666667,78.7948314771138,0.854166666666667,204.071886355063,0.6875,2.21382240832339,0.979166666666667,90.3930555558333,1,16.4824305547917,1,5.04874577572964,2.75697799748683
2023,6,26,177,0.0290985811927084,0.645833333333333,55.3937243247881,0.6875,29.2743907638889,0.9375,173.859391433222,0.708333333333333,1.26696627750266,0.958333333333333,94.1946527775,1,15.522569444375,1,2.57243962815813,2.60153820935083
2023,6,27,178,-2.00047149292113,0.645833333333333,75.2625118118493,0.770833333333333,42.7750042884048,0.895833333333333,220.908358691195,0.729166666666667,2.7468894060639,0.916666666666667,87.0975000002083,1,16.8158333341667,1,5.22496462902876,3.22449313610762
2023,6,28,179,-0.744244075722329,0.645833333333333,54.4439734842189,0.708333333333333,14.4501951041667,0.958333333333333,115.099105469377,0.729166666666667,2.01213156387154,0.958333333333333,89.2069444441667,1,14.68861111125,1,3.94393484689236,3.19969077117003
2023,6,29,180,0.766786410421918,0.291666666666667,39.9859533901344,0.270833333333333,-3.74462347916667,1,109.284538669687,0.708333333333333,0.867591091344519,0.895833333333333,93.7500694439583,1,14.169444445,1,2.69866513034775,3.46545154076967
2023,6,30,181,1.28098087667886,0.5625,39.0239516392692,0.645833333333333,13.4520927083333,0.979166666666667,123.217662974607,0.729166666666667,0.903828606446192,0.895833333333333,92.1602777777083,1,14.4439583333333,1,2.6554452187983,3.93642609547715
2023,7,1,182,-0.958218740064103,0.979166666666667,95.0969775107323,0.895833333333333,78.9610776041667,0.979166666666667,282.273341204993,0.729166666666667,3.92695756019736,0.958333333333333,85.4119444445833,1,18.05923611125,1,6.33836300501272,5.38014426494862
2023,7,2,183,-1.71398856845238,0.895833333333333,86.743653046875,0.958333333333333,125.379813402778,0.9375,295.415967141912,0.708333333333333,5.68619152489575,1,75.3179861108333,1,17.7710416675,1,7.50810525812907,5.79411668967669
2023,7,3,184,-2.52449306144781,0.854166666666667,80.2103275967262,0.791666666666667,114.629232598545,0.8125,294.166174997885,0.729166666666667,5.71517741183135,1,73.2782638889583,1,16.7675000004167,1,8.44297612757055,5.91848306612274
2023,7,4,185,-0.594259961374682,0.875,55.365341437146,0.75,28.7455027942251,0.854166666666667,171.092532303063,0.729166666666667,4.85687469669061,0.979166666666667,77.034236110625,1,17.2018055560417,1,6.86446148632117,6.27020152494649
2023,7,5,186,-2.41899533997526,0.6875,81.8118438156901,0.6875,100.589651912198,0.833333333333333,282.659266350717,0.729166666666667,6.68151163140194,1,74.2461111116667,1,18.6729166664583,1,9.4046689751819,6.98567363520664
2023,7,6,187,-2.05018809851336,0.6875,73.1999797125,0.875,97.2377145416667,0.979166666666667,257.416770280918,0.666666666666667,8.41196540692393,1,69.27888888875,1,21.1859722220833,1,10.1780821834088,8.1278940848954
2023,7,7,188,1.78869376423656,0.541666666666667,52.3052441662834,0.708333333333333,6.67114483035714,0.979166666666667,93.4917156368036,0.708333333333333,0.65951654834552,0.958333333333333,97.733333333125,1,18.1992361114583,1,5.33509848175485,7.12379224599141
2023,7,8,189,-0.751832105729167,0.916666666666667,84.4714994829545,0.979166666666667,99.2527279015152,0.979166666666667,278.453961587503,0.729166666666667,6.42572092349828,1,73.0952777779167,1,18.2009722225,1,8.05372703548968,7.30189492976051
2023,7,9,190,-1.865301375,1,60.2239679166667,1,88.9992439583333,1,230.91914676826,0.729166666666667,3.76986147939286,0.979166666666667,82.0453472227083,1,16.0937500002083,1,8.35959942614467,6.49429805114467
2023,7,10,191,0.820829106021394,0.854166666666667,48.4568354481659,0.9375,46.6535189583333,1,146.687490387606,0.708333333333333,1.56082679237952,0.9375,90.5939583335417,1,12.8123611110417,1,4.47071664261654,5.29154574863794
2023,7,11,192,-0.401728049479167,0.979166666666667,42.0284779166667,1,36.7826195833333,1,108.371529061525,0.6875,1.99084876325837,1,85.9721527775,1,11.4812500002083,1,5.23154159678874,4.82981354730958
2023,7,12,193,-2.14832482532051,0.979166666666667,67.9254003819444,0.979166666666667,60.1199485416667,0.979166666666667,185.107987418255,0.708333333333333,3.32552570426015,1,80.8949999997917,1,13.0328472220625,1,6.98497322065057,4.83664839533006
2023,7,13,194,-0.862405099404762,0.770833333333333,91.5744259375,0.916666666666667,122.630768055556,0.9375,329.285359735236,0.708333333333333,10.0364064268186,1,59.8497916664583,1,18.2076388889583,1,5.49402522631123,4.63162012690647
2023,7,14,195,1.07078145067371,0.875,45.035778595695,0.916666666666667,28.8929602891865,0.9375,151.619825009899,0.708333333333333,3.65332428536881,1,82.058402778125,1,16.8940972225,1,1.53909048958136,2.60987194025506
2023,7,15,196,-1.39381423897059,0.979166666666667,84.8460375011646,0.916666666666667,36.3852230453373,0.9375,239.1657902841,0.708333333333333,4.18009226724729,1,81.218611110625,1,17.0910416664583,1,3.74592192787701,2.35210768890642
2023,7,16,197,-0.209506389583333,0.875,69.593361,1,106.129265,1,291.454452550205,0.708333333333333,8.8716371651986,1,67.4772222220833,1,19.6746527783333,1,3.55500042579261,3.34549403620927
2023,7,17,198,-0.799179659931658,0.854166666666667,57.8820795416667,1,71.3184726875,0.979166666666667,231.098850001608,0.708333333333333,7.78391698543171,1,72.1411111108333,1,21.334999999375,1,5.0906855252663,4.29150586533464
2023,7,18,199,2.8728505628842,0.708333333333333,14.9114621062907,0.8125,-8.9921827781339,0.854166666666667,55.7755589241829,0.666666666666667,0.856219708241331,0.979166666666667,95.9289583335417,1,16.21138888875,1,0.8996221541586,3.7724727170428
2023,7,19,200,-2.32408874157801,0.895833333333333,41.8556348614649,0.604166666666667,48.8337332686658,0.708333333333333,217.071437638763,0.666666666666667,2.81571552284812,0.9375,85.696875,1,14.7706944447917,1,6.30415479530308,3.98006605372507
2023,7,20,201,-3.08838527083333,1,56.2729505798611,0.9375,50.9065337847222,0.9375,230.323410656392,0.708333333333333,3.58430879627186,0.979166666666667,82.468958333125,1,14.2984722227083,1,7.4505272958255,4.36214202499217
2023,7,21,202,-2.93789279166667,1,66.4219678005682,0.958333333333333,70.6744014583333,0.979166666666667,255.414325018416,0.708333333333333,3.48947656588611,1,81.58354166625,1,14.520555555125,1,7.44512007136601,4.50722727969935
2023,7,22,203,-2.84496354375,0.9375,61.2580548055556,0.916666666666667,101.509945513889,0.916666666666667,285.436290868715,0.6875,5.49752089073516,0.979166666666667,74.965902778125,1,16.056180555625,1,7.088125611956,4.243162068206
2023,7,23,204,-0.375898497829861,0.958333333333333,53.8295089026007,0.916666666666667,15.5589030520833,0.9375,172.216909149507,0.666666666666667,2.02278149727553,0.979166666666667,89.7098611108333,1,14.7252083327083,1,3.65420891939332,3.27831042156346
2023,7,24,205,0.244839791666667,0.9375,36.97148234375,0.979166666666667,20.3592373333333,1,135.767450698309,0.666666666666667,1.0372665468402,0.958333333333333,94.8576388885417,1,14.3059722222917,1,2.58629246952063,2.8311322611873
2023,7,25,206,-2.09766245833333,0.895833333333333,41.0957236388889,0.9375,32.1375948333333,1,187.939816444988,0.666666666666667,1.16829707747115,0.9375,95.0376388889583,1,16.5398611108333,1,5.46918806170315,3.37152560336982
2023,7,26,207,2.31932717950002,0.875,40.6224165833333,1,3.08744645833333,1,114.518941117311,0.6875,0.918157386896274,1,96.0067361108333,1,17.2372916664583,1,1.32576740596137,3.6450945854614
2023,7,27,208,0.563095782957485,0.770833333333333,53.930648448296,0.833333333333333,37.2121473263889,0.833333333333333,178.927959518508,0.645833333333333,2.33652339636408,0.958333333333333,90.8315972220833,1,17.0809027777083,1,3.19517811333248,3.75827389628997
2023,7,28,209,-1.30544372243924,0.9375,30.5353019166667,0.979166666666667,7.07205867708333,1,134.501339475477,0.666666666666667,1.33383606220872,1,93.0067361108333,1,15.40611111125,1,4.77134253417132,3.46589881173208
2023,7,29,210,-0.0563213421296296,0.979166666666667,46.89248,0.9375,33.4202004291667,0.9375,170.296538468907,0.666666666666667,2.50780769755692,1,88.2970833333333,1,15.652291666875,1,3.65028435181387,3.59396300968424
2023,7,30,211,-1.78279850756766,0.833333333333333,61.9488166394231,0.958333333333333,93.7017199333333,1,282.708473389965,0.666666666666667,6.31550720887474,0.916666666666667,75.0585416670833,1,17.8554861116667,1,5.92470956047907,4.1419110529114
2023,7,31,212,-3.40117376850879,0.854166666666667,63.3265273894928,0.958333333333333,83.6576141875,1,236.117973150035,0.666666666666667,4.77981722710997,1,81.6439583329167,1,18.90736111125,1,7.83456221671276,4.43338844820397
2023,8,1,213,0.171124101406695,0.895833333333333,63.9851610833333,1,62.97766025,1,220.612356371323,0.666666666666667,5.40174551726183,0.979166666666667,81.023958333125,1,20.5731249997917,1,4.72411753910681,4.89524164051351
2023,8,2,214,0.136413020833333,1,73.5266850416667,0.979166666666667,70.6186160416667,1,237.764568433142,0.666666666666667,5.92812610300577,1,80.5294444441667,1,21.8818055554167,1,5.15134020268177,5.2877532235151
2023,8,3,215,-1.06811041666667,1,60.0801413125,0.979166666666667,57.9254471041667,1,222.449967601568,0.645833333333333,4.91225845032907,1,83.7853472222917,1,21.9163888895833,1,6.43973389893761,5.37162348227094
2023,8,4,216,0.327750989583333,0.979166666666667,53.8857276597222,0.958333333333333,47.5904727361111,0.958333333333333,218.040557731638,0.625,4.05666278597905,1,85.6628472214583,1,19.87673611125,1,4.61411914006382,4.94187012964715
2023,8,5,217,1.01290506875,0.9375,71.2772309583333,1,106.914865208333,1,280.280956188786,0.645833333333333,7.66409594568652,1,76.28201389,1,21.9579861102083,1,4.55630424555641,5.56920931430641
2023,8,6,218,0.0368396495535714,0.895833333333333,69.7829667857143,0.875,70.8836316183036,0.875,232.571288784778,0.645833333333333,8.21108890571396,1,77.317013889375,1,25.4749305564583,1,6.48068494950859,6.51752459906216
2023,8,7,219,2.49651098958333,0.958333333333333,82.7226097513641,0.666666666666667,103.677762829951,0.666666666666667,276.187757907202,0.645833333333333,9.16652974423687,1,73.2270833335417,1,24.7238194447917,1,3.68990023721397,6.18641122679731
2023,8,8,220,-2.154685125,0.958333333333333,48.6386926383547,0.916666666666667,66.2563594027778,0.875,194.205609383514,0.625,2.65997316147591,0.958333333333333,88.0381944441667,1,17.845625,1,6.77395941835885,4.61927429335885
2023,8,9,221,-1.08741201131779,0.791666666666667,46.4849739930556,0.979166666666667,38.796167265625,0.979166666666667,154.067906160781,0.645833333333333,2.62732104262453,0.979166666666667,87.50201388875,1,16.094583333125,1,5.99582522980704,4.90841321848924
2023,8,10,222,-0.114794921428571,0.854166666666667,69.5749412763889,0.9375,97.0415919479167,1,281.85490441193,0.645833333333333,7.44964123041881,0.9375,70.4236111108333,1,17.669722221875,1,6.32240532759121,6.20761040616263
2023,8,11,223,4.86697913755463,0.791666666666667,9.5188066875,0.958333333333333,-13.4716376458333,1,43.6565884029231,0.625,1.38605020278491,1,91.8337499991667,1,14.6755555560417,1,0.949080797407159,5.81605993496179
2023,8,12,224,5.6648894721094,0.166666666666667,9.43355259013218,0.229166666666667,11.6883728054943,0.791666666666667,33.3100298704182,0.6875,0.339447525629798,0.895833333333333,98.9077629547917,1,17.2866666670833,1,1.89652690467484,7.56141637678425
2023,8,13,225,2.188644134041,0.479166666666667,66.7618953328404,0.604166666666667,58.1185992484158,0.708333333333333,137.067248161917,0.625,1.006324367735,0.958333333333333,96.056061709375,1,19.0408333335417,1,6.22594749996582,8.41459163400682
2023,8,14,226,-0.611874929496603,0.625,101.769007557901,0.645833333333333,104.328276058232,0.354166666666667,223.047003243526,0.625,3.29165198540088,1,88.0334027785417,1,19.7765972227083,1,8.03667387668659,7.42479894718999
2023,8,15,227,0.556695557211539,0.895833333333333,71.264718125,1,124.289976309217,0.75,229.354446072751,0.645833333333333,5.5749337980536,1,79.7938888891667,1,20.1861805558333,1,5.64465520044916,6.20135075766069
2023,8,16,228,-0.198248354261364,0.8125,75.3163464083333,1,101.496137651847,0.625,255.888558011139,0.625,6.78940553595575,1,77.7824999995833,1,22.073055555,1,5.47203182219392,5.27378346793256
2023,8,17,229,2.42692971643519,0.833333333333333,55.7034574722222,0.854166666666667,77.3924798369709,0.604166666666667,202.984359270073,0.625,4.22743330127817,1,88.0088888891667,1,23.2112500002083,1,1.74048160007743,4.16741131651261
2023,8,18,230,0.913386221966575,0.8125,39.0356122380952,0.875,69.6532029287067,0.5625,151.024556488913,0.604166666666667,2.05451216651081,0.979166666666667,93.40680555625,1,22.663055555625,1,3.27361942275398,4.18700564472055
2023,8,19,231,1.97961494479167,0.979166666666667,33.98155225,0.875,93.4326610565476,0.75,108.680193981923,0.604166666666667,1.09569827073593,0.895833333333333,96.5346527779167,1,20.7316666670833,1,2.25929837407011,4.23891331886178
2023,8,20,232,2.60805507707014,0.75,38.5028262491583,0.729166666666667,55.2736421591112,0.6875,102.979335660771,0.604166666666667,0.520392044628586,0.979166666666667,97.790069444375,1,18.196527776875,1,1.64341357753727,4.25146865460742
2023,8,21,233,-1.81608444791667,0.979166666666667,61.6469845885417,0.979166666666667,84.6027263229167,0.979166666666667,206.099521753865,0.625,2.86533010593924,0.979166666666667,86.3234027775,1,15.8722222225,1,6.08669433101611,4.27060988309944
2023,8,22,234,1.69735150772928,0.458333333333333,45.9982392649274,0.479166666666667,26.2256707893404,0.916666666666667,133.717892486575,0.5625,1.3926003884703,1,93.4139854166667,1,15.5553472222917,1,2.97897379600976,4.67632530373904
2023,8,23,235,2.80667960416667,0.958333333333333,61.7925019375,0.9375,71.5647435112178,0.604166666666667,166.296016347092,0.583333333333333,2.29381507899889,1,88.108326388125,1,15.1797916664583,1,2.25211775693653,5.05879736110319
2023,8,24,236,1.62523837916287,0.833333333333333,40.9694713906763,0.833333333333333,51.6911249782334,0.791666666666667,122.791372001104,0.583333333333333,1.67979595010524,1,90.4065246164583,1,14.1247222216667,1,3.57734570062266,5.20258407978553
2023,8,25,237,-2.14627031200397,0.895833333333333,58.5492252270833,1,78.4695579036458,0.979166666666667,171.502567075985,0.604166666666667,3.05420986245066,1,84.7004544779167,1,14.7557638889583,1,8.06086184883055,5.91459153682659
2023,8,26,238,3.82765234889275,0.604166666666667,6.59264765161166,0.6875,0.547723671769663,0.9375,47.3096991825762,0.583333333333333,0.349537266185072,0.979166666666667,97.8520291666667,1,13.385555555625,1,2.01001221446816,5.83766456336091
2023,8,27,239,-0.138774709173454,0.666666666666667,41.0116296110673,0.770833333333333,43.120851359375,0.979166666666667,140.814706028635,0.583333333333333,1.16177827098738,0.958333333333333,94.8931872847917,1,15.6076388885417,1,7.36677813238474,7.22800342321128
2023,8,28,240,-0.345194785988171,0.75,61.6694381013889,0.854166666666667,88.4904853243944,0.479166666666667,174.153316901115,0.604166666666667,3.26733952474622,1,85.9447113985417,1,17.713263889375,1,8.96208176690573,8.61688698091756
2023,8,29,241,-0.47773374917065,0.604166666666667,62.8793944625053,0.645833333333333,48.0121628555082,0.895833333333333,190.338733227046,0.583333333333333,3.79435591889091,1,82.044584363125,1,16.4011111108333,1,9.02031071187042,8.54257696269977
2023,8,30,242,3.57732308806159,0.729166666666667,22.6182893223482,0.729166666666667,32.5499018624964,0.645833333333333,66.9206540783661,0.583333333333333,1.7188620401661,1,90.99598747625,1,15.5899305552083,1,4.96485932344824,8.54218241150983
2023,8,31,243,-1.1288965,1,78.4007207127874,0.833333333333333,106.07681692514,0.3125,202.584777094213,0.583333333333333,6.41156898225869,1,78.379732806875,1,20.297638889375,1,12.3491976816244,11.2203011816244
2023,9,1,244,1.17634441966601,0.729166666666667,26.9756163236591,0.770833333333333,32.4037658586305,0.916666666666667,93.4957737407015,0.541666666666667,2.52140184281394,1,88.3985976060417,1,17.6066666664583,1,8.65068750946268,9.82703192912869
2023,9,2,245,-1.79081311742788,0.5625,84.1750599896493,0.604166666666667,104.0315436875,0.979166666666667,208.903278464642,0.5625,4.37819435703981,1,79.0699952104167,1,15.9166666666667,1,10.7620600695808,8.9712469521529
2023,9,3,246,-0.722691585562866,0.916666666666667,50.0594665395833,1,105.73901908125,1,181.191702555264,0.5625,4.49963529741982,1,77.1133520110417,1,14.8427083336042,1,8.4474622703601,7.72477068479724
2023,9,4,247,-1.71217752083333,1,55.4463466270833,1,82.2373689583333,1,194.307462730979,0.5625,5.67950587842857,1,70.7525583814583,1,15.0013888893125,1,8.64088500320482,6.92870748237148
2023,9,5,248,0.102441686224527,0.8125,48.4872892555556,0.958333333333333,99.7588878608092,0.9375,176.300742198306,0.5625,4.8366466167967,1,74.56081388875,1,15.0283333325208,1,5.97221102531924,6.07465271154377
2023,9,6,249,2.39478957797619,0.979166666666667,59.9890136116071,0.895833333333333,91.5937820117567,0.583333333333333,180.416662921126,0.5625,4.61445713370641,1,73.1030990420833,1,14.1254166669583,1,2.57303487048451,4.9678244484607
2023,9,7,250,-0.205091545833333,0.979166666666667,42.3945168333333,1,78.3165871666667,1,188.205024200534,0.5625,3.95871903999539,1,74.0205161577083,1,10.7409027783542,1,3.63437813629062,3.42928659045728
2023,9,8,251,0.816057932967033,0.958333333333333,26.718515875,1,21.8823285416667,1,108.15336146829,0.541666666666667,2.53248028064771,1,83.37148055625,1,11.5934027778542,1,2.18915727528628,3.00521520825331
2023,9,9,252,-1.44913457633183,0.8125,32.9592323008157,0.9375,75.4144380104167,0.9375,207.880452076472,0.5625,4.4296046958859,1,73.0578659529167,1,11.8394444439792,1,4.02550121745961,2.57636664112778
2023,9,10,253,-2.35529199743056,0.916666666666667,40.5388643645833,0.979166666666667,48.8694599935417,1,194.417347813156,0.541666666666667,5.90254677095509,1,66.2081055547917,1,13.9440277776458,1,5.57479094962366,3.21949895219311
2023,9,11,254,-1.10941486956225,0.75,46.5379035083333,1,50.2964490833333,1,173.848853937257,0.541666666666667,4.99096404517409,1,74.78703213625,1,16.2009722220833,1,5.21670541376761,4.10729054420536
2023,9,12,255,-0.664362871312021,0.833333333333333,61.60186321875,0.979166666666667,60.4106701041667,0.979166666666667,183.332986294775,0.520833333333333,1.53662891332959,1,92.5595138885417,1,16.7654861104167,1,5.35568680093243,4.6913239296204
2023,9,13,256,0.0333052534722222,0.979166666666667,50.6628885416667,0.979166666666667,48.2737617592593,0.75,182.34388745983,0.520833333333333,2.1612962306605,1,87.7925694447917,1,15.6036805554167,1,4.80310729512896,4.83641254860118
2023,9,14,257,-0.708373700520833,0.979166666666667,53.6291138645833,0.9375,47.0559448767234,0.583333333333333,178.289532879052,0.520833333333333,1.87051365628932,1,89.78361111125,1,14.7877083330625,1,5.73592800415059,5.02755430362975
2023,9,15,258,1.73723928278508,0.333333333333333,12.140161003242,0.333333333333333,-3.85952570833333,0.979166666666667,62.7433096176737,0.520833333333333,0.789843368439818,1,94.2193055554167,1,11.1831944447708,1,2.56274030082219,4.29997958360727
2023,9,16,259,-0.561827197048611,0.916666666666667,40.8679693729167,1,42.4816256839286,0.9375,191.116115849377,0.520833333333333,1.1655502130339,0.979166666666667,91.05541666625,1,9.99555555583333,1,4.92424088327078,4.36241368622217
2023,9,17,260,0.407705133333333,1,41.9916180972222,0.9375,48.6171914527041,0.708333333333333,182.439878749,0.520833333333333,1.12163766302047,0.979166666666667,92.5589583329167,1,11.3524305553125,1,4.71743214714838,5.12513728048172
2023,9,18,261,1.72975667576694,0.895833333333333,22.6361887625,1,8.31807057380698,0.916666666666667,77.7619275140307,0.520833333333333,1.11052074860426,0.9375,92.6449305554167,1,12.512500000625,1,4.05144897227136,5.78120564803831
2023,9,19,262,1.16490722314815,0.979166666666667,56.4248684221354,0.895833333333333,52.468495908631,0.479166666666667,131.533869279277,0.520833333333333,4.34420318750097,1,76.9794444447917,1,15.6129166666667,1,6.29544850583952,7.46035572898767
2023,9,20,263,1.87716909659091,0.979166666666667,32.4970449416667,0.770833333333333,68.9959836753567,0.416666666666667,95.0281265872228,0.520833333333333,1.15329298467327,1,92.9097916666667,1,14.8995138897917,1,5.71884584264537,7.59601493923628
2023,9,21,264,1.23053244143689,0.9375,27.6270709390625,0.958333333333333,35.7617359704861,0.9375,108.798232648621,0.520833333333333,3.70422735741092,0.979166666666667,80.075625,1,15.8840972225,1,7.41439604722026,8.64492848865715
2023,9,22,265,1.10917212379738,0.6875,43.1630026390385,0.666666666666667,47.1122227642567,0.583333333333333,121.713289477476,0.520833333333333,5.40255361565517,1,70.3531249997917,1,16.1626388885417,1,8.32547507455035,9.43464719834773
2023,9,23,266,0.6235225,1,50.7484842546932,0.958333333333333,62.2309194357416,0.354166666666667,148.774973026002,0.5,6.09764410484948,0.958333333333333,67.0973611114583,1,16.5449305552083,1,8.84088487795399,9.46440737795399
2023,9,24,267,3.44568680894675,0.375,16.9246646576388,0.520833333333333,-16.6089787113481,0.604166666666667,32.7288810151411,0.458333333333333,3.44591902033181,0.958333333333333,79.3295645833333,1,15.0943750010417,1,4.68227772731322,8.12796453625997
2023,9,25,268,1.96384252291667,0.770833333333333,50.4773609807099,0.9375,24.4212077901345,0.916666666666667,130.568252946744,0.5,2.01070328030029,0.8125,88.3315593635417,1,11.9524305552708,1,4.69681580624628,6.66065832916295
2023,9,26,269,-1.43322111296296,0.895833333333333,36.1429322729167,1,38.8972086291667,1,150.865467081971,0.5,2.61771058159977,1,84.3096527772917,1,11.4411805555208,1,8.06922240619718,6.63600129323422
2023,9,27,270,-0.555276292162247,0.833333333333333,30.8536659270833,1,34.5797920705357,0.979166666666667,150.849117289289,0.479166666666667,2.94883110572105,0.958333333333333,84.9659027766667,1,13.2942361110625,1,8.17080244863739,7.61552615647514
2023,9,28,271,1.361067478125,0.9375,34.2481747083333,1,54.6840712384259,0.770833333333333,140.370953020377,0.479166666666667,3.81228778038786,0.979166666666667,82.31229166625,1,15.0776388894583,1,7.25316054841134,8.61422802653634
2023,9,29,272,2.02087063062888,0.916666666666667,31.3282135,1,72.6161622986111,0.979166666666667,130.457776167302,0.479166666666667,3.18660209083272,1,85.228333333125,1,15.1172916669375,1,6.75220367160014,8.77307430222902
2023,9,30,273,4.33394461458333,0.958333333333333,34.3304636635101,0.854166666666667,57.5442367807262,0.583333333333333,129.854366011094,0.458333333333333,3.06433303794004,1,86.3022222216667,1,15.185069444,1,4.62293733207938,8.95688194666271
2023,10,1,274,3.30513672586857,0.395833333333333,12.9216774741506,0.416666666666667,0.934643335820071,0.875,63.1196027390059,0.479166666666667,0.288077909818766,0.916666666666667,98.2784027779167,1,10.7652777779792,1,3.54626100130126,6.85139772716983
2023,10,2,275,2.03773707916667,1,28.1081269635417,0.958333333333333,43.0249176458333,0.958333333333333,75.0592959783273,0.479166666666667,0.752051630108429,0.958333333333333,94.0863194439583,1,9.201180555625,1,4.21447160430338,6.25220868347004
2023,10,3,276,2.44041498826976,0.541666666666667,6.03112747536827,0.5625,-1.06605151587114,0.666666666666667,38.8806701433425,0.458333333333333,0.279306610219412,0.833333333333333,98.9394444445833,1,10.0088194438958,1,4.2796902479473,6.72010523621706
2023,10,4,277,2.31986064928195,0.4375,14.6444233967389,0.479166666666667,4.05310265649347,0.1875,45.0249814667472,0.479166666666667,0.407196138323973,0.916666666666667,97.2636111110417,1,11.5383333332292,1,4.99495239632005,7.314813045602
2023,10,5,278,1.53476229036272,0.104166666666667,17.5173686323631,0.1875,40.801278987487,0.708333333333333,68.6338227469549,0.458333333333333,0.328547493901004,0.916666666666667,97.1724999997917,1,9.515902778,1,4.74793643252086,6.28269872288357
2023,10,6,279,1.91854206279745,0.3125,15.8851917501773,0.291666666666667,14.7511012266865,0.541666666666667,56.335680298723,0.4375,1.0200411875876,0.979166666666667,87.5454236116667,1,5.40548611108333,1,2.66650276246138,4.58504482525882
2023,10,7,280,2.28753170356565,0.270833333333333,11.6150431380552,0.395833333333333,1.42344124347968,0.291666666666667,37.416338646467,0.458333333333333,0.58063343543454,1,93.595811638125,1,5.09284722214583,1,2.16438803976004,4.45191974332569
2023,10,8,281,3.2420222518293,0,2.76629277811983,0.0416666666666667,-15.517176402482,0.145833333333333,29.9018633894754,0.458333333333333,0.512193071208711,1,92.9029562502083,1,1.51999999997917,1,-0.11538325096046,3.12663900086884
2023,10,9,282,1.96459452994378,0.208333333333333,18.5653385341931,0.354166666666667,27.5056985775132,0.395833333333333,76.7337787023075,0.4375,0.659348905032216,1,90.930128185,1,1.68729166670833,1,1.16140886219452,3.1260033921383
2023,10,10,283,0.461434864732143,0.791666666666667,19.1912927118056,0.9375,48.2050895375,0.979166666666667,90.0919081738893,0.458333333333333,1.27410695695925,1,81.916935249375,1,0.87097222225,1,2.39605487674223,2.85748974147437
2023,10,11,284,1.63446515525794,0.895833333333333,13.2227332916667,0.979166666666667,16.1431058240215,0.458333333333333,53.3295500980365,0.458333333333333,1.38300270516956,1,84.68822773,1,2.69736111116667,1,1.81583600897971,3.45030116423765
2023,10,12,285,3.04970261922753,0.4375,25.9054503241815,0.395833333333333,17.355187213474,0.104166666666667,29.6077527437699,0.416666666666667,1.19534045099726,1,89.6674387933333,1,9.07062500025,1,2.45188630045024,5.50158891967777
2023,10,13,286,1.8510535625,1,31.5692309363261,0.6875,72.2237102375691,0.416666666666667,103.297873657824,0.4375,2.48058206908801,1,78.2303326629167,1,7.70319444435417,1,3.06131298884541,4.91236655134541
2023,10,14,287,2.67333415357143,0.708333333333333,13.5202782222222,0.6875,27.1691098222618,0.229166666666667,34.1750525790416,0.416666666666667,1.1336336338352,1,92.362562308125,1,10.5612499995208,1,3.33187097739071,6.00520513096214
2023,10,15,288,1.58256448047386,0.8125,22.5408199114478,0.75,54.1104357169553,0.5,73.9987119408454,0.4375,2.00998318965558,1,82.5281312495833,1,8.44999999966667,1,3.44191649447723,5.02448097495109
2023,10,16,289,0.621136772222222,0.9375,12.8068110298611,0.958333333333333,2.14280279545454,0.916666666666667,62.7700471646661,0.416666666666667,0.913007124370569,1,89.0547694439583,1,4.04305555560417,1,2.91147325218976,3.53261002441198
2023,10,17,290,1.92389141123708,0.3125,2.62899628581549,0.458333333333333,-24.2819398462163,0.833333333333333,37.389650223278,0.4375,0.453624404960938,1,93.9097472225,1,1.86722222229167,1,1.09960216364544,3.02349357488252
2023,10,18,291,2.18937636151375,0.104166666666667,3.89139354845957,0.229166666666667,-12.1573371355439,0.916666666666667,18.6724288033248,0.416666666666667,0.166007818107315,1,97.8381361745833,1,3.594236111125,1,1.49503692154968,3.68441328306343
2023,10,19,292,1.8746657305632,0,4.72465462138347,0,-3.3758521053869,0.75,23.5193195591266,0.395833333333333,0.000390685164904277,1,99.9942703808333,1,1.1195833333125,1,1.16871016365613,3.04337589421933
2023,10,20,293,1.19483759321733,0,5.08645251650817,0,-7.81306654132512,0.6875,19.6406731466605,0.375,0.027218430163175,1,99.5713285441667,1,0.2449305555625,1,1.69803023341186,2.89286782662919
2023,10,21,294,0.816968575615439,0.375,7.75762358591852,0.354166666666667,-4.41808161458333,0.895833333333333,28.3438533543927,0.375,0.257221378352978,1,95.7592076866667,1,-0.281111111125,1,2.02570378651409,2.84267236212953
2023,10,22,295,1.1646405647207,0.5625,2.43410840651709,0.645833333333333,-8.13473372791796,0.791666666666667,11.3833787958213,0.375,0.142493176590526,1,97.715938265625,1,1.18138888889583,1,2.25821980870832,3.42286037342902
2023,10,23,296,1.44788545118443,0,6.01697369685798,0,-4.2131688486803,0.3125,14.0520778219248,0.395833333333333,0.000157325721681552,1,99.997920228125,1,2.6122916666875,1,2.59602972404113,4.04391517522556
2023,10,24,297,1.65055746717644,0.1875,6.45270908175219,0.333333333333333,-3.08420067395317,0.625,20.3210488369758,0.395833333333333,0.151569719553301,1,97.5817547891667,1,0.826805555604167,1,1.88447759809581,3.53503506527226
2023,10,25,298,0.801559493173077,0.833333333333333,23.6306026944444,0.875,4.00039712090774,0.833333333333333,37.1052610196541,0.395833333333333,0.978023466356521,1,81.2654602008333,1,-2.2236805555,1,1.83650627562862,2.63806576880169
2023,10,26,299,0.851438666666667,0.916666666666667,13.1246244429729,0.604166666666667,15.2261777647035,0.104166666666667,45.7495400919441,0.416666666666667,1.27469793828647,1,73.9989902066667,1,-3.2449999999375,1,1.48886212810881,2.34030079477547
2023,10,27,300,1.03094287083333,1,2.78013119157088,0.854166666666667,15.736123146412,0.854166666666667,19.6922637476883,0.416666666666667,0.257976525053676,1,94.7969607516667,1,-2.7618749999375,1,0.756136409700897,1.78707928053423
2023,10,28,301,0.805558152941176,0.958333333333333,0.689757042708333,0.9375,6.64178417574306,0.916666666666667,17.0559129663578,0.375,0.0233006460427828,1,99.5767349370833,1,-1.55270833333333,1,0.934541206431478,1.74009935937265
2023,10,29,302,1.39819591458333,1,0.3650493775,1,-6.22693710833333,1,9.88073276619675,0.354166666666667,0.0730095411382589,1,98.6432511977083,1,-1.80388888885417,1,0.0975143840796229,1.49571029866296
2023,10,30,303,1.24668519203956,0.375,1.86156416444267,0.375,-8.38046520282883,0.666666666666667,9.41509086359351,0.375,0.0585623876126001,1,99.1661448758333,1,1.50861111116667,1,0.611630921243682,1.85831611328324
2023,10,31,304,0.993683750016234,0.666666666666667,3.48878508283204,0.583333333333333,-10.9328015456349,0.708333333333333,31.5498174391408,0.375,0.253353775525906,1,97.6925541666667,1,7.55631944447917,1,1.58805168024985,2.58173543026608
2023,11,1,305,1.85789640789141,0.833333333333333,0.0927025920138889,0.791666666666667,3.04492760563221,0.583333333333333,19.0312986337992,0.333333333333333,0.420798351960387,1,96.5949573754167,1,9.67173611054167,1,0.61949404308997,2.47739045098138
2023,11,2,306,0.882028020962182,0.479166666666667,17.0477583057057,0.604166666666667,-10.5112299916228,0.916666666666667,20.892064458604,0.395833333333333,0.769470542727815,1,89.5693388891667,1,3.16499999997917,1,0.455656215576317,1.3376842365385
2023,11,3,307,-0.160839709449405,0.916666666666667,7.81453034772727,0.8125,-1.98139645265151,0.791666666666667,60.2137117934772,0.375,0.955763294895342,1,88.3356701383333,1,2.5588888888125,1,1.55723632679061,1.3963966173412
2023,11,4,308,0.750366712966954,0.895833333333333,0.668990776909722,0.979166666666667,-17.6682365833333,1,8.09504876682586,0.354166666666667,0.238988496008437,1,96.5078606908333,1,3.11534722214583,1,0.837590125017095,1.58795683798405
2023,11,5,309,1.50147337411942,0.916666666666667,2.34687096234182,0.833333333333333,-16.9605199346591,0.708333333333333,12.0664258538687,0.395833333333333,0.1639575945856,1,98.64812563375,1,7.3620138886875,1,0.880201708254551,2.38167508237397
2023,11,6,310,1.87756109375,0.9375,0.509408071527778,0.833333333333333,-16.3492566890708,0.833333333333333,12.3975791089197,0.354166666666667,0.0231355670082749,0.979166666666667,99.76066065625,1,4.38062499997917,1,-0.0455956917601657,1.83196540198983
2023,11,7,311,1.23829633333333,0.979166666666667,2.5029710125,0.791666666666667,-31.3146337245701,0.770833333333333,15.6971239662936,0.354166666666667,0.239201994684543,1,97.6082750954167,1,6.7104861110625,1,0.902677160146797,2.14097349348013
2023,11,8,312,1.23025183993711,0.979166666666667,6.04177847916667,1,-20.715138125,1,13.4215495890901,0.3125,0.216683753274714,1,97.7284581183333,1,6.113888888875,1,0.759716021681914,1.98996786161902
2023,11,9,313,1.15623006965021,0.875,2.71859383333333,1,-6.16575647916667,1,15.3758639402852,0.354166666666667,0.053977458843682,1,99.391070234375,1,5.2024305555,1,0.642927098766006,1.79915716841621
2023,11,10,314,0.00945335416666669,0.958333333333333,11.1421491722222,0.6875,-17.1264022288721,0.770833333333333,41.5387314938703,0.375,0.726658783539491,1,92.2535840041667,1,5.0890277776875,1,1.65915896088069,1.66861231504736
2023,11,11,315,0.660719855208333,0.979166666666667,3.78660310416667,0.9375,-20.03027875,0.9375,9.72769519038051,0.333333333333333,0.834702011487369,1,90.6168993054167,1,5.04986111114583,1,0.847663830260497,1.50838368546883
2023,11,12,316,1.792323625,1,1.64967315972222,0.916666666666667,-31.0008121643519,0.875,6.33336562905232,0.270833333333333,0.221014794052783,1,96.9869833570833,1,1.59500000002083,1,-0.794878558689506,0.997445066310494
2023,11,13,317,0.964377666536124,0.604166666666667,1.11114559572939,0.708333333333333,-9.49223897471045,0.770833333333333,13.1524904125385,0.333333333333333,0.0046193056807752,0.895833333333333,99.9231326839583,1,0.0374652777708333,1,-0.203903321970911,0.760474344565214
2023,11,14,318,0.769306225228336,0.354166666666667,0.286854856314084,0.4375,-8.4453770875432,0.416666666666667,12.6322319359828,0.333333333333333,0.00874719906121494,0.875,99.9056958624731,0.895833333333333,-0.319166666666667,1,-0.0826901812041504,0.686616044024185
2023,11,15,319,0.516499823231478,0.229166666666667,0.258480531581487,0.416666666666667,-3.46296951318333,0.416666666666667,10.6220756548926,0.479166666666667,0.0207340427334497,0.833333333333333,100,0.979166666666667,-0.7874999999375,1,0.106369176822059,0.622869000053537
2023,11,16,320,0.623089104328704,0.1875,3.30535207997189,0.145833333333333,2.72714788234954,0.125,23.242419271396,0.0416666666666667,0.151012394660831,0.875,96.8657629641288,0.875,-3.01996527783333,1,-0.157738494295212,0.465350610033491
2023,11,17,321,0.820869733329376,0.5625,10.9366444535512,0.645833333333333,2.19126621471324,0.625,36.7946548384337,0.333333333333333,0.0454555777275727,0.604166666666667,99.0897198124941,0.645833333333333,-5.71340277775,1,-0.407914869631224,0.412954863698152
2023,11,18,322,0.678230291666667,0.958333333333333,9.32088703017241,0.979166666666667,-4.00075959375,0.958333333333333,20.4973074108933,0.333333333333333,0.0148070719794217,0.395833333333333,99.6845868613516,0.416666666666667,-6.6864583333125,1,-0.172411649942625,0.505818641724042
2023,11,19,323,0.645078916666667,1,1.7298816875,1,1.12016245833333,1,13.6379937210404,0.333333333333333,0.00531258049536495,0.166666666666667,99.7208763266312,0.1875,-5.42527777779167,1,0.125767223917695,0.770846140584361
2023,11,20,324,0.6937171875,1,4.19363252291667,1,0.23649625,1,27.878382064985,0.333333333333333,4.07081775695891e-17,0.645833333333333,100,0.666666666666667,-6.03465277779167,1,0.170433411173611,0.864150598673611
2023,11,21,325,0.782475434527838,0.958333333333333,5.83919396770833,0.979166666666667,7.52820585243056,0.958333333333333,20.2206695304527,0.333333333333333,0.00376776809302412,0.875,99.915625,1,-8.17000000004167,1,-0.0507331925111501,0.731742242016687
2023,11,22,326,0.843832083333333,1,4.8204054375,1,6.7690047375,1,20.4509697981128,0.333333333333333,0.000312315901168794,0.9375,99.9949164378763,0.979166666666667,-8.6208333333125,1,-0.178892905478619,0.664939177854714
2023,11,23,327,0.551968372916667,1,1.83266301340076,0.645833333333333,2.8550904287425,0.375,12.3429830198584,0.3125,5.78241158658936e-17,0.958333333333333,100,1,-8.70590277745833,1,0.0872392163288355,0.639207589245502
2023,11,24,328,0.682343418055556,0.916666666666667,0.77767887543245,0.75,7.4235731398066,0.729166666666667,15.1382439126468,0.3125,0.000121419835653173,0.895833333333333,100,1,-6.24486111116667,1,0.201410518674582,0.883753936730137
2023,11,25,329,0.631338613850309,0.958333333333333,1.64801465694444,0.916666666666667,3.34614437847222,0.916666666666667,14.3095081017354,0.3125,2.8579627793151e-17,0.9375,100,1,-7.39118055554167,1,0.0995117912368919,0.730850405087201
2023,11,26,330,0.910327145085929,0.9375,0.606201038675693,0.8125,1.93529251676092,0.8125,26.8106685517123,0.520833333333333,0,1,100,1,-4.23833333335417,1,0.165341439241905,1.07566858432783
2023,11,27,331,0.740226972948129,0.854166666666667,1.5571175238536,0.729166666666667,13.5280301232674,0.479166666666667,13.500500000125,1,4.97210608248268e-17,0.916666666666667,100,1,-5.89687499997917,1,0.09540733244123,0.835634305389359
2023,11,28,332,0.7269040625,1,1.09989871243894,0.875,3.89896202887887,0.875,15.0699930559375,1,0.000176220886724352,0.9375,100,1,-6.04847222227083,1,0.0900274186232748,0.816931481123275
2023,11,29,333,0.89868353125,0.9375,0.95890609969419,0.875,11.9282815689313,0.625,18.9044688657616,0.604166666666667,0.000611658139419115,0.9375,100,1,-6.74347222216667,1,-0.089838943611019,0.808844587638981
2023,11,30,334,0.741145645566239,0.958333333333333,1.81080698401566,0.625,9.65282357010661,0.5,16.7055914354698,0.354166666666667,0.000747427419232442,0.958333333333333,100,1,-4.17993055554167,1,0.438280911115327,1.17942655668157
2023,12,1,335,0.601497411111111,0.9375,0.5885637489375,0.625,1.85103167838619,0.625,13.5326366495761,0.3125,3.00685402502647e-17,0.979166666666667,100,1,-6.13534722222917,1,0.356633996285816,0.958131407396927
2023,12,2,336,0.926131638888889,0.916666666666667,0.97718830625,1,-0.00898657020833325,1,13.6626091526203,0.291666666666667,0.00579686167158717,0.854166666666667,100,1,-6.01131944441667,1,0.0982310521317878,1.02436269102068
2023,12,3,337,0.602868544178634,0.9375,0.5729623,1,1.489696375,1,12.7574453797662,0.291666666666667,7.40148683083438e-17,0.979166666666667,100,1,-7.29472222222917,1,0.296329083776961,0.899197627955595
2023,12,4,338,0.8535458,1,0.201018532708333,0.979166666666667,4.65991167708333,0.979166666666667,17.6112149985478,0.291666666666667,0.00282043816898844,0.9375,100,1,-9.3445138888125,1,-0.13568031992534,0.71786548007466
2023,12,5,339,0.644515942751955,0.625,0.702839663475706,0.916666666666667,1.60778596859933,0.708333333333333,21.2045348734343,0.3125,0.0871024320908836,0.875,96.1729715572917,1,-11.4173611110625,1,0.214052756851433,0.858568699603388
2023,12,6,340,1.08083190725659,0.666666666666667,0.785490806036325,0.958333333333333,5.39084761136196,0,11.0750794779722,0.666666666666667,0.237898637512971,1,90.130643869375,1,-12.019722222125,1,0.196659728770927,1.27749163602752
2023,12,7,341,0.872693073844362,0.729166666666667,-0.26530495645159,0.916666666666667,1.31088898220377,0.375,27.8335627855676,0.520833333333333,0.241765363081535,1,91.3320647275,1,-10.4522916667917,1,0.636695522026594,1.50938859587096
2023,12,8,342,0.98877244345831,0.854166666666667,0.199927081376263,0.979166666666667,22.1543322384846,0.916666666666667,29.7891805553542,1,0.250564238912378,1,89.3151392477083,1,-12.613958333125,1,-0.184434960004877,0.804337483453433
2023,12,9,343,0.680197935544591,0.979166666666667,1.45903372504883,0.916666666666667,15.3886523797554,0.916666666666667,31.0786620370972,0.875,0.287506744658464,1,88.161790929375,1,-12.22645833375,1,-0.0403784935598961,0.639819441984695
2023,12,10,344,0.716685501923339,0.833333333333333,1.74220356262175,0.729166666666667,8.26319399559727,0.5,26.7409383265769,0.270833333333333,0.24505750987264,1,89.987280795625,1,-12.0263888895833,1,-0.275262926192692,0.441422575730647
2023,12,11,345,0.986109927314509,0.5625,0.29177631149918,0.8125,6.77149733961458,0,21.395410816564,0.270833333333333,0.20861141980566,1,94.0592296695833,1,-7.41576388889583,1,-0.150947938769486,0.835161988545024
2023,12,12,346,1.03643994085317,0.6875,0.558970139930556,0.916666666666667,6.95144627095603,0.0208333333333333,22.7943714621579,0.25,0.144726705505202,1,96.6283895835417,1,-4.57930555560417,1,0.190941824507143,1.22738176536032
2023,12,13,347,0.893343486684932,0.75,-1.56770674041114,0.8125,2.19510601438187,0,18.0800073246979,0.270833333333333,0.176794042441369,1,95.4755590285417,1,-5.69326388891667,1,0.174746713675964,1.0680902003609
2023,12,14,348,0.534786701772156,0.729166666666667,1.17571413711216,0.875,1.48272632819719,0.0208333333333333,22.0980319843956,0.270833333333333,0.274785286788641,1,91.2983652777083,1,-8.88138888891667,1,0.130002839059694,0.66478954083185
2023,12,15,349,0.540127010268065,0.333333333333333,0.419861568093077,0.645833333333333,4.15481278121211,0.0208333333333333,28.25812353849,0.270833333333333,0.267462551136145,1,90.964488195,1,-9.5509027778125,1,0.0631037971351995,0.603230807403264
2023,12,16,350,0.752941015431669,0.354166666666667,-1.78618260495139,0.770833333333333,-1.37651978479583,0.291666666666667,21.0901561867549,0.270833333333333,0.183817708093696,1,95.6802090283333,1,-4.984236111125,1,0.410302443065111,1.16324345849678
2023,12,17,351,0.960133749781097,0.458333333333333,-0.725922586948977,0.520833333333333,-13.3167214959453,0.333333333333333,22.3337525446867,0.270833333333333,0.241614499331788,1,95.86670138875,1,-1.1253472221875,1,0.891947899796098,1.8520816495772
2023,12,18,352,0.991002377571098,0.208333333333333,0.0791400114923272,0.166666666666667,-21.6403360241815,0.729166666666667,20.9309862820883,0.270833333333333,0.0290285669555991,0.958333333333333,99.5291944441667,1,1.3154861111875,1,1.35582408530714,2.34682646287824
2023,12,19,353,0.911921597150268,0,1.82800220578278,0,-14.4624480409073,0.208333333333333,15.8727812270028,0.270833333333333,0.0030018921611047,0.958333333333333,99.991536591875,1,2.57923611108333,1,1.73191633928998,2.64383793644024
2023,12,20,354,0.906017891377633,0.395833333333333,3.04295152014713,0.4375,-13.1842412333333,0.8125,23.9502879639519,0.270833333333333,0.00781350927623821,0.833333333333333,99.9446764191892,0.979166666666667,0.741458333291667,1,1.31373693800637,2.219754829384
2023,12,21,355,0.7901513890625,0.5625,0.762227104764957,0.583333333333333,-2.83344052083333,0.916666666666667,18.5336989489009,0.270833333333333,0.00208242852981294,0.895833333333333,100,1,-0.5769444445,1,1.14501320612267,1.93516459518517
2023,12,22,356,0.833536135119534,0,1.2551555030179,0,-4.85504923041809,0.229166666666667,18.4731579141421,0.25,0.00853742624807005,0.8125,99.9548611110417,1,-0.475347222208333,1,1.12205348036104,1.95558961548057
2023,12,23,357,0.956085669984934,0,0.35594569067977,0,-5.49268925668778,0.895833333333333,21.5719254495397,0.270833333333333,0.109397470662186,1,98.0038245847917,1,-1.2792361110625,1,0.838867089683688,1.79495275966862
2023,12,24,358,0.845066216415051,0,0.461422811707583,0,-2.87583039583333,1,17.6589646283193,0.291666666666667,0.1233320914057,1,97.7325576629167,1,-1.6960416666875,1,0.869727509998817,1.71479372641387
2023,12,25,359,0.891253870850984,0,1.70050221971947,0,-2.27399330555556,0.104166666666667,17.766370009274,0,0.145421034240474,0.125,97.2808687381389,0.125,-1.84375462967361,0.125,0.796170983954335,1.68742485480532
2023,12,26,360,1.05282321297536,0,1.48178678221531,0,-2.88715387065972,0,17.604108125441,0,0.143127570765479,0,97.1745155540021,0,-2.36166865081846,0,0.54199371393033,1.59481692690569
2023,12,27,361,1.0140079729704,0,1.51889448487103,0,-17.581226671875,0,16.0694916995357,0,0.119874378013213,0,97.363029830817,0,-2.77247111998324,0,0.529410292286487,1.54341826525689
2023,12,28,362,1.02266078247449,0.0833333333333333,-0.398047356684028,0.229166666666667,-18.0921496153333,0.333333333333333,18.2160948579038,0.0208333333333333,0.114399122590699,0.354166666666667,97.4390340300486,0.354166666666667,-2.88835416671736,0.354166666666667,0.501889827077513,1.52455060955201
2023,12,29,363,0.946944619602348,0.375,0.457095691558144,0.354166666666667,-21.623771040942,0.75,20.1692797891219,0.25,0.0644393798767115,0.833333333333333,98.6710834024861,0.854166666666667,-1.43759259267917,0.833333333333333,0.85116296180838,1.79810758141073
2023,12,30,364,0.850589002849082,0,0.603419794335964,0,-22.4799564340278,0,20.8723522516095,0,0.133081065907277,0,96.0884121437343,0,-3.44833276845054,0,0.616895812368715,1.4674848152178
2023,12,31,365,0.747712184659722,0.104166666666667,0.990647189711309,0.1875,-22.9208501599327,0.0416666666666667,15.8142918765729,0.0208333333333333,0.176444474384759,0.333333333333333,94.4066625915486,0.333333333333333,-4.80213657410625,0.333333333333333,0.550900474954579,1.2986126596143
